scenario,estimator,bias_pp,rmse_pp,cover95
A,naive,-1.8410904975724576,1.9030375839674911,
A,regression,0.05126252871626649,0.5520031000091385,
A,ipw,0.025860410558183857,0.6377645630888414,
A,aipw_logit,0.021125212897175227,0.5913433094414094,0.93
A,aipw_boost,0.051423070323980545,0.6811946348352514,0.96
B,naive,-2.6422646651176493,2.716366564355026,
B,regression,0.004549632744596089,0.5642204827208007,
B,ipw,0.012485303364082845,0.732036627605468,
B,aipw_logit,0.02340850087219728,0.6031533856545679,0.93
B,aipw_boost,0.11279562528401686,0.6446881711773869,0.95
C,naive,-3.896528541173492,3.935570113765513,
C,regression,-0.17464719034215065,0.8752055988640093,
C,ipw,-0.5101080949347842,1.56289270535198,
C,aipw_logit,-0.05512451566379099,1.1619335315329955,0.99
C,aipw_boost,0.020372115979176566,1.426005925966352,0.95
D,naive,0.061128475827071926,0.5466585709696367,
D,regression,3.131647489529548,3.1803744302360695,
D,ipw,3.0917286606011123,3.1653362771177926,
D,aipw_logit,3.1475321244529466,3.201014241334698,0.0
D,aipw_boost,3.227563727481686,3.287327740966057,0.0
E,naive,2.9062496534893243,2.966355711869472,
E,regression,6.004724394006171,6.031814503572825,
E,ipw,5.9768523938746325,6.0066658264053165,
E,aipw_logit,6.017980439851291,6.044743020197988,0.0
E,aipw_boost,6.058510841465253,6.087531673486354,0.0
