stratum,beta_rep
2001_14,0.37132611245835373
2001_14,0.36103221678903985
2001_15,0.36741188172716244
2001_15,0.36495180856996023
2001_16,0.3645943471527257
2001_16,0.36791942725849797
2001_17,0.3678834305791462
2001_17,0.36438807570003856
2001_18,0.3613697252461729
2001_18,0.37105774795920016
2001_19,0.3773446560688652
2001_19,0.3548389924429831
2001_20,0.3720176287714298
2001_20,0.36048069393270205
2001_21,0.3597553693759438
2001_21,0.37250703611913044
2001_22,0.3594692438354868
2001_22,0.3728827529083818
2001_23,0.3737226280171457
2001_23,0.3582711568850656
2001_24,0.37047223572350246
2001_24,0.36191384095969653
2001_25,0.36767600502806275
2001_25,0.36473064148912715
2001_26,0.36872762326165526
2001_26,0.3636949488831904
2001_27,0.3637529631792169
2001_27,0.3696503920961408
2001_28,0.36689819229551773
2001_28,0.36546616567801377
2003_29,0.3580441916024434
2003_29,0.3739721888076109
2003_30,0.3720406378504656
2003_30,0.36022763536172153
2003_31,0.37656625052827164
2003_31,0.3560938669990553
2003_32,0.3575565393801155
2003_32,0.3748242852852388
2003_33,0.3640258149856137
2003_33,0.3683220231342106
2003_34,0.36211630782193516
2003_34,0.36969861053015557
2003_35,0.36903186067951665
2003_35,0.3630827258041255
2003_36,0.3667238063846071
2003_36,0.3657355128796319
2003_37,0.3595556465570681
2003_37,0.3735337715925669
2003_38,0.36153475325296663
2003_38,0.3707151113577309
2003_39,0.3700910038628736
2003_39,0.36215646842661126
2003_40,0.36517572348904315
2003_40,0.36719921212123297
2003_41,0.3663606671363681
2003_41,0.3660291808271188
2003_42,0.3647076806962066
2003_42,0.36764890770942504
2003_43,0.370094514318057
2003_43,0.36209112301121504
2005_44,0.3605420325123919
2005_44,0.3711526981302346
2005_45,0.3580769434814309
2005_45,0.37415085316961916
2005_46,0.3567838074387188
2005_46,0.37660606324312784
2005_47,0.36979536115692274
2005_47,0.3628924968370227
2005_48,0.3626924031577137
2005_48,0.36964082185542285
2005_49,0.3712066581346052
2005_49,0.36114015990557496
2005_50,0.360829415705562
2005_50,0.3716904040210283
2005_51,0.3689475278264754
2005_51,0.36351957750517844
2005_52,0.3686031345414936
2005_52,0.3639645575378639
2005_53,0.364163302858974
2005_53,0.36825740659845624
2005_54,0.3705035247908106
2005_54,0.3619604994616187
2005_55,0.36884006900843425
2005_55,0.36355402350068305
2005_56,0.36846456717095005
2005_56,0.3642183594913743
2005_57,0.3692915696679766
2005_57,0.36305656060820385
2005_58,0.36776820959561213
2005_58,0.36461260423597863
2007_59,0.36798851313829184
2007_59,0.3644638730177933
2007_60,0.37848004177801664
2007_60,0.3532793919300885
2007_61,0.3639912055370592
2007_61,0.36836929020279235
2007_62,0.37256725109842814
2007_62,0.36008807672434273
2007_63,0.37143624864584324
2007_63,0.3606981664914873
2007_64,0.3677677386788842
2007_64,0.3646323350705953
2007_65,0.36677815254789803
2007_65,0.36559009913989915
2007_66,0.3682313699052184
2007_66,0.3641729763502707
2007_67,0.3635905886019908
2007_67,0.3690715158843727
2007_68,0.36449147803383103
2007_68,0.36788401963300815
2007_69,0.3670897133157553
2007_69,0.3653401251683574
2007_70,0.3683659783527354
2007_70,0.36421362008258323
2007_71,0.37224918102470644
2007_71,0.3602093627855081
2007_72,0.3693569722593388
2007_72,0.3630248777338344
2007_73,0.36604050528894927
2007_73,0.36634252841100046
2007_74,0.3657474547528845
2007_74,0.3666307626070022
2009_75,0.3622188658663726
2009_75,0.3702335928577455
2009_76,0.36122252840965996
2009_76,0.37127315820278584
2009_77,0.37137182117124895
2009_77,0.3616298690796316
2009_78,0.36303507192938567
2009_78,0.36931458660697863
2009_79,0.36225119366352593
2009_79,0.37031591239014244
2009_80,0.3607743022758063
2009_80,0.3715532785211866
2009_81,0.3692752336568587
2009_81,0.3630936462020965
2009_82,0.3674048054262569
2009_82,0.36491993940129486
2009_83,0.3635874971786172
2009_83,0.3687491256147681
2009_84,0.36569537004556063
2009_84,0.36668257830572276
2009_85,0.3654185637592925
2009_85,0.36695736327641115
2009_86,0.36686652388578894
2009_86,0.36280183045850456
2009_86,0.36890074166934683
2009_87,0.36607026391002073
2009_87,0.3662333831135195
2009_88,0.36732935851168375
2009_88,0.36503007177803104
2009_89,0.3672143867701393
2009_89,0.36517020232414893
2011_100,0.3591961615446413
2011_100,0.3732123130800869
2011_101,0.3626211111157884
2011_101,0.369055329370289
2011_102,0.36637274850951557
2011_102,0.3660054270002319
2011_103,0.36318454093905717
2011_103,0.3691880266557248
2011_90,0.3668551568586662
2011_90,0.3660771398580014
2011_90,0.3656146306740038
2011_91,0.3643708562306273
2011_91,0.3722177944981328
2011_91,0.36235968607467095
2011_92,0.3640944212025535
2011_92,0.36821611137521354
2011_92,0.36615196153812307
2011_93,0.3674358037238286
2011_93,0.36484159186870696
2011_94,0.37353868959764136
2011_94,0.3588709213264045
2011_95,0.3634758720967941
2011_95,0.36890169441841764
2011_96,0.36726704516209124
2011_96,0.3651102362454573
2011_97,0.36609659918199206
2011_97,0.36625804098336573
2011_98,0.36734067268299314
2011_98,0.3650796197190441
2011_99,0.3668356989874768
2011_99,0.3655395900687122
2013_104,0.36707598974633454
2013_104,0.3653168544420657
2013_105,0.36310687271626807
2013_105,0.36923016111967744
2013_106,0.36692307455756507
2013_106,0.3655018817521809
2013_107,0.3665590969416883
2013_107,0.3659385960402614
2013_108,0.3660612589704826
2013_108,0.36632975269147144
2013_109,0.364767565912497
2013_109,0.36770465251408624
2013_110,0.36540589326716866
2013_110,0.3670403081169842
2013_111,0.3680404361367164
2013_111,0.36434679007088566
2013_112,0.36238507979187357
2013_112,0.3700136169748291
2013_113,0.36187345039001007
2013_113,0.36965664860514985
2013_114,0.3668960490013369
2013_114,0.36545697472432676
2013_115,0.3579703850170981
2013_115,0.3743560052715753
2013_116,0.36706560367319124
2013_116,0.3651891315179061
2013_117,0.3648253517361702
2013_117,0.36758198884064497
2013_118,0.3641202186325811
2013_118,0.36825769251685564
