sample,lag_months,exposure,HR,lo,hi,n,deaths
all cycles,0,low30,1.66,1.51,1.83,31176,5077
all cycles,0,low50,1.37,1.29,1.46,31176,5077
all cycles,0,low75,1.19,1.11,1.27,31176,5077
all cycles,0,v10,1.06,1.05,1.08,31176,5077
all cycles,24,low30,1.61,1.45,1.79,30560,4461
all cycles,24,low50,1.33,1.24,1.42,30560,4461
all cycles,24,low75,1.18,1.1,1.27,30560,4461
all cycles,24,v10,1.06,1.04,1.08,30560,4461
all cycles,60,low30,1.65,1.46,1.86,29218,3231
all cycles,60,low50,1.28,1.18,1.39,29218,3231
all cycles,60,low75,1.19,1.09,1.29,29218,3231
all cycles,60,v10,1.06,1.04,1.08,29218,3231
2001-06,0,low30,1.65,1.46,1.88,12489,2875
2001-06,0,low50,1.36,1.25,1.47,12489,2875
2001-06,0,low75,1.15,1.04,1.27,12489,2875
2001-06,0,v10,1.09,1.06,1.11,12489,2875
2001-06,24,low30,1.56,1.36,1.79,12223,2609
2001-06,24,low50,1.29,1.18,1.41,12223,2609
2001-06,24,low75,1.13,1.02,1.25,12223,2609
2001-06,24,v10,1.07,1.05,1.09,12223,2609
2001-06,60,low30,1.51,1.29,1.77,11711,2097
2001-06,60,low50,1.27,1.15,1.4,11711,2097
2001-06,60,low75,1.16,1.03,1.3,11711,2097
2001-06,60,v10,1.07,1.04,1.1,11711,2097
2007-14,0,low30,1.67,1.44,1.94,18687,2202
2007-14,0,low50,1.38,1.25,1.53,18687,2202
2007-14,0,low75,1.25,1.13,1.37,18687,2202
2007-14,0,v10,1.05,1.03,1.07,18687,2202
2007-14,24,low30,1.69,1.44,1.99,18337,1852
2007-14,24,low50,1.37,1.23,1.53,18337,1852
2007-14,24,low75,1.26,1.14,1.39,18337,1852
2007-14,24,v10,1.05,1.03,1.07,18337,1852
2007-14,60,low30,1.91,1.57,2.33,17507,1134
2007-14,60,low50,1.29,1.12,1.48,17507,1134
2007-14,60,low75,1.25,1.09,1.42,17507,1134
2007-14,60,v10,1.05,1.03,1.08,17507,1134
