sample,sex,race,BMI,smoking,SES,season,HR,lo,hi
all cycles,0,0,0,0,0,0,1.3998089734579016,1.3210716806984657,1.48323909353448
all cycles,0,0,0,0,0,1,1.4104872362819427,1.3299918617107427,1.4958544491808023
all cycles,0,0,0,0,1,0,1.3132929313911026,1.2384731521279213,1.3926327919813377
all cycles,0,0,0,0,1,1,1.322718760457653,1.246398579382208,1.4037122219232885
all cycles,0,0,0,1,0,0,1.3521593897393747,1.2755970756017114,1.433317032651486
all cycles,0,0,0,1,0,1,1.3584093209796888,1.280357201676444,1.4412195916173824
all cycles,0,0,0,1,1,0,1.2888344727266188,1.2150873466458432,1.367057522797704
all cycles,0,0,0,1,1,1,1.2939609284899862,1.218927449033658,1.3736132415313542
all cycles,0,0,1,0,0,0,1.4030205493008077,1.3231681703284923,1.4876919698511526
all cycles,0,0,1,0,0,1,1.4141324271892841,1.3324356962298527,1.5008382973276966
all cycles,0,0,1,0,1,0,1.3209880589163778,1.2450266109061645,1.401584059741176
all cycles,0,0,1,0,1,1,1.330955903181664,1.2534120614651567,1.4132970877457631
all cycles,0,0,1,1,0,0,1.3399249823523776,1.2631248727252105,1.4213946673842468
all cycles,0,0,1,1,0,1,1.3458881232808826,1.2675831392945054,1.4290303998495197
all cycles,0,0,1,1,1,0,1.2828616830398167,1.2087129079298202,1.3615591320443692
all cycles,0,0,1,1,1,1,1.2878947791288808,1.2124343453520694,1.368051778198167
all cycles,0,1,0,0,0,0,1.46318150687608,1.3755599809802395,1.556384419193794
all cycles,0,1,0,0,0,1,1.4554112100021437,1.3677987679603507,1.548635544802089
all cycles,0,1,0,0,1,0,1.3925565346266198,1.308908273368957,1.4815504963843036
all cycles,0,1,0,0,1,1,1.3815512877722458,1.2981123211851389,1.4703534737291282
all cycles,0,1,0,1,0,0,1.406628605160885,1.3221314140902498,1.4965259971667197
all cycles,0,1,0,1,0,1,1.3973996246807012,1.3129788204550987,1.4872484465369518
all cycles,0,1,0,1,1,0,1.3570552824758189,1.275286390334091,1.4440670375327025
all cycles,0,1,0,1,1,1,1.344843107547159,1.2633309288884114,1.4316145853473765
all cycles,0,1,1,0,0,0,1.4720494659918737,1.3830562728630567,1.5667689542676468
all cycles,0,1,1,0,0,1,1.464116737444405,1.375119870077371,1.5588734244268008
all cycles,0,1,1,0,1,0,1.405224411456368,1.3201525842308446,1.495778344215704
all cycles,0,1,1,0,1,1,1.39401644737041,1.3091495043664996,1.4843849759386933
all cycles,0,1,1,1,0,0,1.398481014120721,1.3136752184999938,1.488761544188427
all cycles,0,1,1,1,0,1,1.388887757910374,1.3041697339255525,1.4791090100419566
all cycles,0,1,1,1,1,0,1.354843241867868,1.2725294945165337,1.4424814654157978
all cycles,0,1,1,1,1,1,1.3423308847771416,1.2602859183047306,1.4297170015597247
all cycles,1,0,0,0,0,0,1.4332091003470728,1.3524943060664572,1.518740830260275
all cycles,1,0,0,0,0,1,1.4459845931453086,1.36329146820355,1.5336936321979684
all cycles,1,0,0,0,1,0,1.3451641483770809,1.268558919394464,1.4263953833084637
all cycles,1,0,0,0,1,1,1.356256270509998,1.277939795353709,1.4393722442836754
all cycles,1,0,0,1,0,0,1.3735874291630175,1.2957161478529098,1.4561386988046174
all cycles,1,0,0,1,0,1,1.3821254584039264,1.30256328321029,1.4665473895903325
all cycles,1,0,0,1,1,0,1.3100468732634516,1.2350659182229402,1.3895799283464263
all cycles,1,0,0,1,1,1,1.3171604277103863,1.240704206081816,1.3983281299618666
all cycles,1,0,1,0,0,0,1.4312068142613446,1.3498167606134441,1.5175044531653334
all cycles,1,0,1,0,0,1,1.4441771477138092,1.360748625110183,1.5327207358448836
all cycles,1,0,1,0,1,0,1.3467570002720113,1.2694766906676633,1.4287418044893345
all cycles,1,0,1,0,1,1,1.3581212607786295,1.2790761245992674,1.4420512770940908
all cycles,1,0,1,1,0,0,1.3581861438542018,1.2803539369951744,1.4407497396280502
all cycles,1,0,1,1,0,1,1.3663099319890477,1.2867869264017189,1.4507474329663212
all cycles,1,0,1,1,1,0,1.3002347412834854,1.2251500940784887,1.379921032216175
all cycles,1,0,1,1,1,1,1.3071193517375659,1.230549755968521,1.3884534058048617
all cycles,1,1,0,0,0,0,1.4999203308994769,1.409953542556254,1.5956277502354912
all cycles,1,1,0,0,0,1,1.4923370055213891,1.4023144188013528,1.5881386572008325
all cycles,1,1,0,0,1,0,1.4320572168369587,1.3459046453374162,1.5237244922211315
all cycles,1,1,0,0,1,1,1.4203448151186453,1.3343935810437608,1.5118323577789
all cycles,1,1,0,1,0,0,1.4357653487331836,1.3493589027886634,1.5277048473631931
all cycles,1,1,0,1,0,1,1.4267581366420752,1.3403824566504072,1.5186999578921623
all cycles,1,1,0,1,1,0,1.3879911759955739,1.3042125870005947,1.4771514428273935
all cycles,1,1,0,1,1,1,1.3755575674479463,1.292020645476613,1.4644956549168096
all cycles,1,1,1,0,0,0,1.5033741847597297,1.412455821654776,1.6001448716138258
all cycles,1,1,1,0,0,1,1.4956422200212902,1.4046616138348216,1.592515683690679
all cycles,1,1,1,0,1,0,1.4382121515618347,1.35111514923236,1.5309236922369793
all cycles,1,1,1,0,1,1,1.4263113075818705,1.3394170364463227,1.518842818016846
all cycles,1,1,1,1,0,0,1.4241491834572988,1.3377067328433863,1.516177534990059
all cycles,1,1,1,1,0,1,1.414809773557024,1.3284125818030015,1.5068260589911513
all cycles,1,1,1,1,1,0,1.381540802491197,1.2975293181472503,1.4709918013054226
all cycles,1,1,1,1,1,1,1.368839801754669,1.285084718635378,1.458053601989333
2001-06,0,0,0,0,0,0,1.3789798225058127,1.2797216118155232,1.4859367328964699
2001-06,0,0,0,0,0,1,1.3769851153063473,1.2761238276409297,1.4858181993830364
2001-06,0,0,0,0,1,0,1.309334526673093,1.2137176393445208,1.4124841290632526
2001-06,0,0,0,0,1,1,1.3066610156556773,1.2097286373495322,1.411360330838403
2001-06,0,0,0,1,0,0,1.3432084677220577,1.245910357375923,1.4481049756743152
2001-06,0,0,0,1,0,1,1.3368755682929823,1.2383323037864182,1.443260649531548
2001-06,0,0,0,1,1,0,1.2933195020021722,1.1984628938720527,1.3956838737451311
2001-06,0,0,0,1,1,1,1.2857692917159806,1.189957231690077,1.3892958734086582
2001-06,0,0,1,0,0,0,1.3820582925842426,1.2811642149747542,1.4908979674697758
2001-06,0,0,1,0,0,1,1.3801397320088202,1.2775009679905764,1.4910248427173238
2001-06,0,0,1,0,1,0,1.316799875755269,1.2195183062767607,1.4218416434296495
2001-06,0,0,1,0,1,1,1.3143881456932718,1.2156615104206603,1.4211325954880183
2001-06,0,0,1,1,0,0,1.3300430577031634,1.2323353089910323,1.4354977273131542
2001-06,0,0,1,1,0,1,1.3226570497971797,1.2236889952462855,1.429629324259864
2001-06,0,0,1,1,1,0,1.2857195466731295,1.1902854267387988,1.3888053365708521
2001-06,0,0,1,1,1,1,1.277450810539028,1.181035924475478,1.3817366089618073
2001-06,0,1,0,0,0,0,1.4337360523566298,1.3232667397900961,1.5534275940111992
2001-06,0,1,0,0,0,1,1.4156937426154463,1.3058721989088038,1.5347510840304617
2001-06,0,1,0,0,1,0,1.3854542758040378,1.2782759282402911,1.5016191011170046
2001-06,0,1,0,0,1,1,1.3626684084568845,1.2564785537415029,1.4778327778672413
2001-06,0,1,0,1,0,0,1.3871405314649226,1.2802051407864634,1.5030082232373532
2001-06,0,1,0,1,0,1,1.3664919282466552,1.2603645483849324,1.4815556279776947
2001-06,0,1,0,1,1,0,1.353455586440045,1.248696892563445,1.4670029495350028
2001-06,0,1,0,1,1,1,1.3286221527751905,1.2249744522149764,1.4410397063000888
2001-06,0,1,1,0,0,0,1.4427438858654271,1.3303445709555832,1.5646396923369479
2001-06,0,1,1,0,0,1,1.4238336634224995,1.3120943828712275,1.545088773765523
2001-06,0,1,1,0,1,0,1.3974999576352203,1.2884139348369412,1.5158219565807558
2001-06,0,1,1,0,1,1,1.3738086123475228,1.2657395653550951,1.4911046118960043
2001-06,0,1,1,1,0,0,1.3790770119996623,1.2716283916172493,1.4956047046159069
2001-06,0,1,1,1,0,1,1.3570795537600402,1.250501894801149,1.4727406035049675
2001-06,0,1,1,1,1,0,1.349885599679502,1.2444435794866642,1.4642617489928689
2001-06,0,1,1,1,1,1,1.3238190368293878,1.2195561348125752,1.4369956349251745
2001-06,1,0,0,0,0,0,1.4169810653715853,1.3147719094759365,1.5271358667998236
2001-06,1,0,0,0,0,1,1.418487586990067,1.3142855338373323,1.530951214665001
2001-06,1,0,0,0,1,0,1.3492487329197709,1.2506801067423978,1.4555857516814006
2001-06,1,0,0,0,1,1,1.3496706757076435,1.2493838952402145,1.4580073745186963
2001-06,1,0,0,1,0,0,1.3680573942812286,1.268772814824562,1.4751112351869988
2001-06,1,0,0,1,0,1,1.3652854669063264,1.2643820056193067,1.474241485454088
2001-06,1,0,0,1,1,0,1.320131153510338,1.2232149347873809,1.424726115505988
2001-06,1,0,0,1,1,1,1.315780847952493,1.2175480200931863,1.421939185368702
2001-06,1,0,1,0,0,0,1.4142141619865254,1.3109852586941027,1.5255714606245765
2001-06,1,0,1,0,0,1,1.4156063040877724,1.3102754214093852,1.5294045629105388
2001-06,1,0,1,0,1,0,1.3499951568805075,1.2504042764540317,1.4575181466662444
2001-06,1,0,1,0,1,1,1.3504728140864541,1.249068509865534,1.4601095193592877
2001-06,1,0,1,1,0,0,1.3512668973891118,1.2519628606944158,1.4584475988104206
2001-06,1,0,1,1,0,1,1.3473373543683862,1.2464225544634169,1.456422575133755
2001-06,1,0,1,1,1,0,1.3082321269610926,1.2111499509607306,1.413096121298225
2001-06,1,0,1,1,1,1,1.303058732119883,1.2046570595308863,1.4094982849435111
2001-06,1,1,0,0,0,0,1.4720124929203318,1.358516332194992,1.5949905996437586
2001-06,1,1,0,0,0,1,1.4551440980877572,1.3421519976322243,1.577648693989318
2001-06,1,1,0,0,1,0,1.4300712885839442,1.3193214428892959,1.5501179803106913
2001-06,1,1,0,0,1,1,1.4076582376474247,1.2978157838780469,1.5267973610982462
2001-06,1,1,0,1,0,0,1.419164456273743,1.3095926884689104,1.5379039388998252
2001-06,1,1,0,1,0,1,1.3996004131238697,1.2907195700538014,1.5176660847676262
2001-06,1,1,0,1,1,0,1.3890830989436236,1.281371518880442,1.505848871572162
2001-06,1,1,0,1,1,1,1.3650001217439436,1.2583143884258898,1.4807311666298395
2001-06,1,1,1,0,0,0,1.4749150492315533,1.360058472516142,1.5994712333398564
2001-06,1,1,1,0,0,1,1.4573221196010149,1.3429818385223171,1.5813972306693278
2001-06,1,1,1,0,1,0,1.4350886659987405,1.3230580018724725,1.556605588238266
2001-06,1,1,1,0,1,1,1.4119026099738026,1.3008093710290944,1.532483563270893
2001-06,1,1,1,1,0,0,1.4069908806810703,1.2972914393580335,1.5259665471155142
2001-06,1,1,1,1,0,1,1.3862044725421796,1.2772594380419944,1.5044420753246879
2001-06,1,1,1,1,1,0,1.3807620047870452,1.2727888244160115,1.497894762501779
2001-06,1,1,1,1,1,1,1.3555569038257094,1.2486798345431334,1.4715818007759054
2007-14,0,0,0,0,0,0,1.4327871166578392,1.307291394972139,1.5703300194249616
2007-14,0,0,0,0,0,1,1.4570038154599914,1.3280876107767674,1.5984337938544289
2007-14,0,0,0,0,1,0,1.3219688231650897,1.2049154210685535,1.4503935619569621
2007-14,0,0,0,0,1,1,1.3438994774060218,1.2238921393495068,1.4756739971645658
2007-14,0,0,0,1,0,0,1.367335771888189,1.2466223810973212,1.4997381255415736
2007-14,0,0,0,1,0,1,1.3872077520196784,1.2634347983607195,1.5231061783008415
2007-14,0,0,0,1,1,0,1.287694220974901,1.173096573023325,1.4134867025130993
2007-14,0,0,0,1,1,1,1.306832317413212,1.1894255543355816,1.4358281605859533
2007-14,0,0,1,0,0,0,1.4359942902020857,1.3090536480679402,1.575244532213373
2007-14,0,0,1,0,0,1,1.4603825703425373,1.3299979393610069,1.6035492902980986
2007-14,0,0,1,0,1,0,1.3297941004736826,1.2112054419450142,1.4599937289044063
2007-14,0,0,1,0,1,1,1.3519805187259128,1.230410561355194,1.4855621208266963
2007-14,0,0,1,1,0,0,1.3560432992377134,1.235125054837068,1.4887993909653756
2007-14,0,0,1,1,0,1,1.3757468610310792,1.2518092847006308,1.5119550947327416
2007-14,0,0,1,1,1,0,1.2833337112082652,1.1681820443615485,1.4098362684761956
2007-14,0,0,1,1,1,1,1.3023801462234543,1.1844431395267914,1.4320603401482737
2007-14,0,1,0,0,0,0,1.4992294501954426,1.3604526610923038,1.6521625548724832
2007-14,0,1,0,0,0,1,1.501856966427774,1.3624062816147167,1.655581288816682
2007-14,0,1,0,0,1,0,1.3983250372270022,1.2684918451886629,1.541446968817591
2007-14,0,1,0,0,1,1,1.3992381895324513,1.268954468389893,1.5428981573549152
2007-14,0,1,0,1,0,0,1.4290095958893871,1.295796908494908,1.5759170374282263
2007-14,0,1,0,1,0,1,1.4309898041215352,1.2971506076706563,1.5786384459835248
2007-14,0,1,0,1,1,0,1.3603365477852143,1.2332116993944904,1.5005659808034595
2007-14,0,1,0,1,1,1,1.3609392137800123,1.2333611944285312,1.5017138142264483
2007-14,0,1,1,0,0,0,1.5076287394292331,1.3670065109107816,1.662716598502963
2007-14,0,1,1,0,0,1,1.5102854613826273,1.3689841125945694,1.6661713995648482
2007-14,0,1,1,0,1,0,1.4115866233643506,1.2796394211457305,1.5571392709026632
2007-14,0,1,1,0,1,1,1.4124970010187574,1.2801019675451815,1.558585041247165
2007-14,0,1,1,1,0,0,1.421115030559103,1.2875719215837647,1.568508831411026
2007-14,0,1,1,1,0,1,1.42309552790458,1.2889394555202003,1.5712149029720475
2007-14,0,1,1,1,1,0,1.3599630075308,1.2319219907093362,1.5013120926490513
2007-14,0,1,1,1,1,1,1.36055919792086,1.232079984547816,1.5024360059922826
2007-14,1,0,0,0,0,0,1.4591950924007948,1.3312988315517156,1.5993781916001415
2007-14,1,0,0,0,0,1,1.4842747582728684,1.352710668834983,1.6286347175359892
2007-14,1,0,0,0,1,0,1.3422508320641597,1.2234363510460315,1.4726040260586821
2007-14,1,0,0,0,1,1,1.3643979985556804,1.2424478568705455,1.498317927926299
2007-14,1,0,0,1,0,0,1.3838749004640012,1.2615947694152025,1.5180070388386093
2007-14,1,0,0,1,0,1,1.4046504607540515,1.2791342401757273,1.5424830756039438
2007-14,1,0,0,1,1,0,1.3013995046141107,1.1855597225463406,1.4285578688286218
2007-14,1,0,0,1,1,1,1.3209324511663105,1.2021575787635579,1.4514424492826155
2007-14,1,0,1,0,0,0,1.4579606279040027,1.3292243719110635,1.599165075089714
2007-14,1,0,1,0,0,1,1.4830765355364104,1.350669391449306,1.628463652306905
2007-14,1,0,1,0,1,0,1.3445661391180235,1.2248876133447804,1.4759379413806462
2007-14,1,0,1,0,1,1,1.3667958924898516,1.2439771756137057,1.5017405852366248
2007-14,1,0,1,1,0,0,1.3699413727394845,1.2478364480020074,1.5039946683303838
2007-14,1,0,1,1,0,1,1.390549780143909,1.2652501038701518,1.5282580773111047
2007-14,1,0,1,1,1,0,1.293608473832677,1.1776500771228995,1.4209848206013995
2007-14,1,0,1,1,1,1,1.3130478839996182,1.1941793089625632,1.4437486336735081
2007-14,1,1,0,0,0,0,1.533722116824123,1.3912755442210833,1.6907531663344406
2007-14,1,1,0,0,0,1,1.5361204673198172,1.3929200280509149,1.6940427609621547
2007-14,1,1,0,0,1,0,1.4296543476964512,1.2964966555892927,1.5764881035951088
2007-14,1,1,0,0,1,1,1.429496882126754,1.2959004352243355,1.576866000246665
2007-14,1,1,0,1,0,0,1.4544929185460977,1.3185209636621933,1.6044869277048157
2007-14,1,1,0,1,0,1,1.4562344859892495,1.3195967983743768,1.607020326812541
2007-14,1,1,0,1,1,0,1.384429761759054,1.2547357009738378,1.527529473941536
2007-14,1,1,0,1,1,1,1.3842666858637465,1.254136672794434,1.5278990712571918
2007-14,1,1,1,0,0,0,1.537604706943557,1.3939043591321587,1.696119406848648
2007-14,1,1,1,0,0,1,1.5399985039621567,1.3955476393290587,1.6994012424727247
2007-14,1,1,1,0,1,0,1.436870066008371,1.3023336762652489,1.5853046144914407
2007-14,1,1,1,0,1,1,1.4366908272589447,1.3017231551630013,1.58565246761054
2007-14,1,1,1,1,0,0,1.4438504492450117,1.307921012992701,1.5939067413673063
2007-14,1,1,1,1,0,1,1.4456141211844602,1.309033856097812,1.5964447196175249
2007-14,1,1,1,1,1,0,1.380253307824392,1.250117969754717,1.5239355323673744
2007-14,1,1,1,1,1,1,1.380121326430519,1.2495629494391423,1.5243208647657664
